YEAR,ZONE,POPULATION,BUILT_UP_SURFACE_M2,NIGHT_LIGHT,BUILT_UP_SOURCE,NIGHT_LIGHT_SOURCE,ZONE_CODE,ZONE_ID,IS_TRAINING_PERIOD,POP_GROWTH_RATE,POP_CHANGE,BUILT_UP_CHANGE,NIGHT_LIGHT_CHANGE
2015,I,339180.58,5794201.592156863,41.310282675703576,Observed GHSL epoch,VIIRS annual aggregate,I,1,True,0.0,0.0,0.0,0.0
2016,I,341180.46,5810101.141960785,48.94432517747504,Linear interpolation between GHSL epochs,VIIRS annual aggregate,I,1,True,0.005896210213450326,1999.8800000000047,15899.549803921953,7.634042501771461
2017,I,343165.75,5826000.691764706,47.76107531353588,Linear interpolation between GHSL epochs,VIIRS annual aggregate,I,1,True,0.005818885407446794,1985.289999999979,15899.549803921022,-1.183249863939153
2018,I,344943.71,5841900.241568628,59.88067887619055,Linear interpolation between GHSL epochs,VIIRS annual aggregate,I,1,True,0.005181053179112549,1777.960000000021,15899.549803921953,12.119603562654667
2019,I,346692.92,5857799.791372549,49.01745782123312,Linear interpolation between GHSL epochs,VIIRS annual aggregate,I,1,True,0.0050710012946748595,1749.2099999999627,15899.549803921022,-10.863221054957428
2020,I,348215.02,5873699.341176471,41.10343841047504,Observed GHSL epoch,VIIRS annual aggregate,I,1,True,0.004390340593052988,1522.100000000035,15899.549803921953,-7.91401941075808
2021,I,349673.0,5891449.00627451,40.4524582073467,Linear interpolation between GHSL epochs,VIIRS annual aggregate,I,1,True,0.004187010657954904,1457.9799999999814,17749.665098039433,-0.6509802031283414
2022,I,350728.19,5909198.67137255,44.87864039635532,Linear interpolation between GHSL epochs,VIIRS annual aggregate,I,1,True,0.0030176479167680625,1055.1900000000023,17749.665098039433,4.426182189008621
2023,I,352058.31,5926948.336470588,51.07871472289151,Linear interpolation between GHSL epochs,VIIRS annual aggregate,I,1,True,0.0037924524971888474,1330.1199999999953,17749.665098038502,6.200074326536189
2024,I,353339.16,5944698.001568628,51.66184748147334,Linear interpolation between GHSL epochs,VIIRS annual aggregate,I,1,True,0.0036381757328778352,1280.8499999999767,17749.665098039433,0.5831327585818258
2025,I,354634.8,5962447.666666667,50.31125610902204,Observed GHSL epoch,VIIRS annual aggregate,I,1,True,0.003666845192024537,1295.640000000014,17749.665098039433,-1.350591372451298
2026,I,355933.9,5969124.804705882,50.4295842136105,Linear interpolation between GHSL epochs,VIIRS annual aggregate,I,1,True,0.0036632050774487723,1299.100000000035,6677.138039215468,0.118328104588457
2027,I,357145.34,5975801.942745098,,Linear interpolation between GHSL epochs,Not available,I,1,False,0.003403553300205475,1211.4400000000023,6677.138039215468,0.0
2028,I,358367.37,5982479.080784314,,Linear interpolation between GHSL epochs,Not available,I,1,False,0.0034216602126180273,1222.0299999999697,6677.138039216399,0.0
2029,I,359547.71,5989156.21882353,,Linear interpolation between GHSL epochs,Not available,I,1,False,0.003293659241353497,1180.3400000000256,6677.138039215468,0.0
2030,I,360710.59,5995833.356862745,,Observed GHSL epoch,Not available,I,1,False,0.0032342856529388175,1162.8800000000047,6677.138039215468,0.0
2015,II,127964.26,4389446.721568628,25.31255523607397,Observed GHSL epoch,VIIRS annual aggregate,II,2,True,0.0,0.0,0.0,0.0
2016,II,128687.75,4441731.449411766,21.372822424529584,Linear interpolation between GHSL epochs,VIIRS annual aggregate,II,2,True,0.005653844284333909,723.4900000000052,52284.72784313746,-3.939732811544385
2017,II,129419.57,4494016.177254903,22.78597900691591,Linear interpolation between GHSL epochs,VIIRS annual aggregate,II,2,True,0.005686788369522411,731.820000000007,52284.72784313746,1.4131565823863248
2018,II,130076.22,4546300.90509804,28.445975372384307,Linear interpolation between GHSL epochs,VIIRS annual aggregate,II,2,True,0.005073807616575943,656.6499999999942,52284.72784313653,5.659996365468398
2019,II,130724.77,4598585.632941177,26.14304383682476,Linear interpolation between GHSL epochs,VIIRS annual aggregate,II,2,True,0.0049859228689148605,648.5500000000029,52284.72784313746,-2.302931535559548
2020,II,131309.56,4650870.360784315,23.092643214403687,Observed GHSL epoch,VIIRS annual aggregate,II,2,True,0.004473444474218491,584.7899999999936,52284.72784313746,-3.0504006224210727
2021,II,131868.0,4678739.081568629,23.10842681413851,Linear interpolation between GHSL epochs,VIIRS annual aggregate,II,2,True,0.004252851049078243,558.4400000000023,27868.720784313977,0.01578359973482435
2022,II,132281.63,4706607.802352942,27.547497594555264,Linear interpolation between GHSL epochs,VIIRS annual aggregate,II,2,True,0.0031366973033639667,413.63000000000466,27868.720784313045,4.439070780416753
2023,II,132797.88,4734476.523137256,33.03881899554359,Linear interpolation between GHSL epochs,VIIRS annual aggregate,II,2,True,0.003902658290497296,516.25,27868.720784313977,5.49132140098833
2024,II,133304.3,4762345.243921569,34.480218194392734,Linear interpolation between GHSL epochs,VIIRS annual aggregate,II,2,True,0.003813464492053553,506.4199999999837,27868.720784313045,1.4413991988491404
2025,II,133826.38,4790213.964705883,35.6404286049764,Observed GHSL epoch,VIIRS annual aggregate,II,2,True,0.003916452807599002,522.0800000000163,27868.720784313977,1.160210410583666
2026,II,134343.55,4803428.78509804,35.60807720651976,Linear interpolation between GHSL epochs,VIIRS annual aggregate,II,2,True,0.0038644847151958484,517.1699999999837,13214.820392156951,-0.03235139845664037
2027,II,134829.98,4816643.6054901965,,Linear interpolation between GHSL epochs,Not available,II,2,False,0.003620791619694641,486.4300000000221,13214.820392156951,0.0
2028,II,135319.64,4829858.425882354,,Linear interpolation between GHSL epochs,Not available,II,2,False,0.003631684881952868,489.6600000000035,13214.820392157882,0.0
2029,II,135793.91,4843073.246274511,,Linear interpolation between GHSL epochs,Not available,II,2,False,0.003504812752975095,474.2699999999895,13214.820392156951,0.0
2030,II,136260.59,4856288.066666668,,Observed GHSL epoch,Not available,II,2,False,0.0034366784195254407,466.679999999993,13214.820392156951,0.0
2015,III,235335.61,7612795.015686275,23.470535120662653,Observed GHSL epoch,VIIRS annual aggregate,III,3,True,0.0,0.0,0.0,0.0
2016,III,236702.74,7668634.511372549,21.02912765019847,Linear interpolation between GHSL epochs,VIIRS annual aggregate,III,3,True,0.005809278077380631,1367.1300000000047,55839.49568627402,-2.441407470464185
2017,III,238093.62,7724474.0070588235,23.90433232251683,Linear interpolation between GHSL epochs,VIIRS annual aggregate,III,3,True,0.005876062102196267,1390.8800000000047,55839.49568627402,2.875204672318361
2018,III,239338.4,7780313.5027450975,25.128621087622623,Linear interpolation between GHSL epochs,VIIRS annual aggregate,III,3,True,0.005228111530245938,1244.7799999999988,55839.49568627402,1.2242887651057934
2019,III,240579.09,7836152.9984313715,26.210612582752702,Linear interpolation between GHSL epochs,VIIRS annual aggregate,III,3,True,0.005183831762892943,1240.6900000000023,55839.49568627402,1.0819914951300795
2020,III,241681.29,7891992.494117646,25.21577521324023,Observed GHSL epoch,VIIRS annual aggregate,III,3,True,0.004581445544581619,1102.2000000000116,55839.49568627402,-0.9948373695124708
2021,III,242736.0,7920064.854117646,26.84714624564373,Linear interpolation between GHSL epochs,VIIRS annual aggregate,III,3,True,0.004364053171016957,1054.7099999999919,28072.360000000335,1.6313710324035
2022,III,243502.47,7948137.214117646,29.74229144356369,Linear interpolation between GHSL epochs,VIIRS annual aggregate,III,3,True,0.0031576280403400325,766.4700000000012,28072.360000000335,2.895145197919959
2023,III,244465.79,7976209.5741176475,33.850410419527705,Linear interpolation between GHSL epochs,VIIRS annual aggregate,III,3,True,0.0039560995007565936,963.320000000007,28072.360000001267,4.108118975964015
2024,III,245411.72,8004281.934117648,35.08135045318112,Linear interpolation between GHSL epochs,VIIRS annual aggregate,III,3,True,0.0038693757519201455,945.929999999993,28072.360000000335,1.2309400336534182
2025,III,246373.22,8032354.294117648,37.6552435067352,Observed GHSL epoch,VIIRS annual aggregate,III,3,True,0.003917905795208121,961.5,28072.360000000335,2.573893053554073
2026,III,247316.23,8045289.707450981,39.88126415985518,Linear interpolation between GHSL epochs,VIIRS annual aggregate,III,3,True,0.00382756697339115,943.0100000000093,12935.413333333097,2.2260206531199813
2027,III,248209.43,8058225.120784315,,Linear interpolation between GHSL epochs,Not available,III,3,False,0.003611570498224026,893.1999999999825,12935.413333334029,0.0
2028,III,249099.67,8071160.534117648,,Linear interpolation between GHSL epochs,Not available,III,3,False,0.0035866485814017857,890.2400000000198,12935.413333333097,0.0
2029,III,249956.88,8084095.947450982,,Linear interpolation between GHSL epochs,Not available,III,3,False,0.0034412329811597253,857.2099999999919,12935.413333334029,0.0
2030,III,250794.32,8097031.3607843155,,Observed GHSL epoch,Not available,III,3,False,0.0033503378662751437,837.4400000000023,12935.413333333097,0.0
2015,IV,840662.47,6999403.227450982,24.578396717968783,Observed GHSL epoch,VIIRS annual aggregate,IV,4,True,0.0,0.0,0.0,0.0
2016,IV,845775.94,7006662.396078432,27.50746594801249,Linear interpolation between GHSL epochs,VIIRS annual aggregate,IV,4,True,0.006082667161292354,5113.469999999972,7259.168627450243,2.9290692300437087
2017,IV,850954.16,7013921.564705882,30.459081000359905,Linear interpolation between GHSL epochs,VIIRS annual aggregate,IV,4,True,0.006122448931332958,5178.2200000000885,7259.168627450243,2.951615052347414
2018,IV,855580.82,7021180.733333333,33.438714493822424,Linear interpolation between GHSL epochs,VIIRS annual aggregate,IV,4,True,0.005437026126060562,4626.659999999916,7259.168627451174,2.9796334934625186
2019,IV,860108.86,7028439.901960784,34.442918750376755,Linear interpolation between GHSL epochs,VIIRS annual aggregate,IV,4,True,0.005292358003069708,4528.040000000037,7259.168627450243,1.0042042565543312
2020,IV,864109.1,7035699.070588234,33.18410113068189,Observed GHSL epoch,VIIRS annual aggregate,IV,4,True,0.004650853148983947,4000.2399999999907,7259.168627450243,-1.2588176196948666
2021,IV,867919.0,7043470.315294116,33.85628976010728,Linear interpolation between GHSL epochs,VIIRS annual aggregate,IV,4,True,0.004409049736890935,3809.9000000000233,7771.244705881923,0.672188629425392
2022,IV,870644.37,7051241.559999999,33.783806432368415,Linear interpolation between GHSL epochs,VIIRS annual aggregate,IV,4,True,0.003140120218591891,2725.3699999999953,7771.244705882855,-0.07248332773886546
2023,IV,874108.85,7059012.804705881,37.21372008578602,Linear interpolation between GHSL epochs,VIIRS annual aggregate,IV,4,True,0.003979213694335293,3464.4799999999814,7771.244705881923,3.429913653417607
2024,IV,877497.11,7066784.049411763,36.582212188568604,Linear interpolation between GHSL epochs,VIIRS annual aggregate,IV,4,True,0.003876244932195849,3388.2600000000093,7771.244705882855,-0.6315078972174177
2025,IV,880843.6,7074555.294117645,41.02120160050516,Observed GHSL epoch,VIIRS annual aggregate,IV,4,True,0.0038136763778060523,3346.4899999999907,7771.244705881923,4.438989411936554
2026,IV,884147.49,7078087.564705881,45.51931994566827,Linear interpolation between GHSL epochs,VIIRS annual aggregate,IV,4,True,0.003750824777520201,3303.890000000014,3532.2705882359296,4.498118345163114
2027,IV,887273.09,7081619.835294116,,Linear interpolation between GHSL epochs,Not available,IV,4,False,0.0035351567870196554,3125.5999999999767,3532.2705882349983,0.0
2028,IV,890423.23,7085152.105882352,,Linear interpolation between GHSL epochs,Not available,IV,4,False,0.003550361253489731,3150.140000000014,3532.2705882359296,0.0
2029,IV,893424.91,7088684.376470587,,Linear interpolation between GHSL epochs,Not available,IV,4,False,0.00337107108043444,3001.680000000051,3532.2705882349983,0.0
2030,IV,896391.49,7092216.647058823,,Observed GHSL epoch,Not available,IV,4,False,0.003320458123335701,2966.579999999958,3532.2705882359296,0.0
2015,V,723572.62,7254770.121568628,49.59965480851634,Observed GHSL epoch,VIIRS annual aggregate,V,5,True,0.0,0.0,0.0,0.0
2016,V,727732.34,7262529.472941177,43.43607725004518,Linear interpolation between GHSL epochs,VIIRS annual aggregate,V,5,True,0.005748863189433573,4159.719999999972,7759.35137254931,-6.163577558471161
2017,V,731919.46,7270288.824313725,45.70446605769162,Linear interpolation between GHSL epochs,VIIRS annual aggregate,V,5,True,0.005753653877742959,4187.119999999995,7759.351372548379,2.2683888076464385
2018,V,735656.44,7278048.175686275,47.15120760593982,Linear interpolation between GHSL epochs,VIIRS annual aggregate,V,5,True,0.005105725703754338,3736.9799999999814,7759.35137254931,1.4467415482481982
2019,V,739269.55,7285807.527058823,52.439978507704055,Linear interpolation between GHSL epochs,VIIRS annual aggregate,V,5,True,0.004911409461731964,3613.1100000001024,7759.351372548379,5.288770901764238
2020,V,742470.04,7293566.878431372,47.41991322305921,Observed GHSL epoch,VIIRS annual aggregate,V,5,True,0.004329259875508251,3200.4899999999907,7759.35137254931,-5.0200652846448435
2021,V,745502.0,7295639.551372549,50.2329803966498,Linear interpolation between GHSL epochs,VIIRS annual aggregate,V,5,True,0.0040836125859031736,3031.9599999999627,2072.672941176221,2.813067173590589
2022,V,747671.25,7297712.224313725,48.836496549837655,Linear interpolation between GHSL epochs,VIIRS annual aggregate,V,5,True,0.002909784279586214,2169.25,2072.672941176221,-1.3964838468121457
2023,V,750437.22,7299784.897254902,51.07840360625557,Linear interpolation between GHSL epochs,VIIRS annual aggregate,V,5,True,0.003699446782258864,2765.969999999972,2072.672941177152,2.241907056417915
2024,V,753130.29,7301857.570196078,57.61971535199567,Linear interpolation between GHSL epochs,VIIRS annual aggregate,V,5,True,0.0035886679501317964,2693.070000000065,2072.672941176221,6.541311745740103
2025,V,755780.05,7303930.243137254,65.75260873811206,Observed GHSL epoch,VIIRS annual aggregate,V,5,True,0.003518328813995719,2649.7600000000093,2072.672941176221,8.132893386116386
2026,V,758394.16,7304096.640784313,70.58069477382521,Linear interpolation between GHSL epochs,VIIRS annual aggregate,V,5,True,0.0034588237675763356,2614.109999999986,166.39764705859125,4.828086035713156
2027,V,760863.47,7304263.038431372,,Linear interpolation between GHSL epochs,Not available,V,5,False,0.0032559718023144057,2469.3099999999395,166.39764705859125,0.0
2028,V,763342.47,7304429.436078431,,Linear interpolation between GHSL epochs,Not available,V,5,False,0.0032581403862115277,2479.0,166.39764705952257,0.0
2029,V,765697.99,7304595.83372549,,Linear interpolation between GHSL epochs,Not available,V,5,False,0.0030857971258955175,2355.5200000000186,166.39764705859125,0.0
2030,V,768030.5,7304762.231372548,,Observed GHSL epoch,Not available,V,5,False,0.0030462532623338756,2332.5100000000093,166.39764705859125,0.0
2015,VI,753840.62,7136866.345098042,26.771588213993983,Observed GHSL epoch,VIIRS annual aggregate,VI,6,True,0.0,0.0,0.0,0.0
2016,VI,758394.14,7143388.684705885,27.55706011291824,Linear interpolation between GHSL epochs,VIIRS annual aggregate,VI,6,True,0.006040428015142041,4553.520000000019,6522.339607843198,0.7854718989242571
2017,VI,763002.82,7149911.024313728,33.8045946548661,Linear interpolation between GHSL epochs,VIIRS annual aggregate,VI,6,True,0.006076892946456525,4608.679999999935,6522.339607843198,6.247534541947861
2018,VI,767116.68,7156433.363921571,33.82695530127458,Linear interpolation between GHSL epochs,VIIRS annual aggregate,VI,6,True,0.005391670767350698,4113.860000000102,6522.339607842267,0.022360646408479568
2019,VI,771129.91,7162955.703529414,37.11521126229489,Linear interpolation between GHSL epochs,VIIRS annual aggregate,VI,6,True,0.005231577026848067,4013.2299999999814,6522.339607843198,3.2882559610203117
2020,VI,774647.89,7169478.043137257,33.443570997020515,Observed GHSL epoch,VIIRS annual aggregate,VI,6,True,0.004562110682491793,3517.9799999999814,6522.339607843198,-3.6716402652743767
2021,VI,777998.0,7169478.043137257,35.06498163428387,Linear interpolation between GHSL epochs,VIIRS annual aggregate,VI,6,True,0.004324687439605679,3350.109999999986,0.0,1.6214106372633523
2022,VI,780397.07,7169478.043137257,36.49526110910353,Linear interpolation between GHSL epochs,VIIRS annual aggregate,VI,6,True,0.0030836454592426676,2399.069999999949,0.0,1.4302794748196632
2023,VI,783425.06,7169478.043137257,39.4107608855858,Linear interpolation between GHSL epochs,VIIRS annual aggregate,VI,6,True,0.0038800632606168506,3027.990000000107,0.0,2.915499776482271
2024,VI,786395.2,7169478.043137257,45.2412189018736,Linear interpolation between GHSL epochs,VIIRS annual aggregate,VI,6,True,0.0037912241408257774,2970.1399999998976,0.0,5.8304580162878
2025,VI,789317.59,7169478.043137257,49.56899073646048,Observed GHSL epoch,VIIRS annual aggregate,VI,6,True,0.00371618494110848,2922.390000000014,0.0,4.327771834586876
2026,VI,792183.72,7169478.043137257,55.02865824078609,Linear interpolation between GHSL epochs,VIIRS annual aggregate,VI,6,True,0.003631149281748458,2866.1300000000047,0.0,5.4596675043256155
2027,VI,794909.04,7169478.043137257,,Linear interpolation between GHSL epochs,Not available,VI,6,False,0.003440262569395003,2725.320000000065,0.0,0.0
2028,VI,797642.59,7169478.043137257,,Linear interpolation between GHSL epochs,Not available,VI,6,False,0.0034388211259994694,2733.54999999993,0.0,0.0
2029,VI,800240.44,7169478.043137257,,Linear interpolation between GHSL epochs,Not available,VI,6,False,0.003256909839781663,2597.8499999999767,0.0,0.0
2030,VI,802802.98,7169478.043137257,,Observed GHSL epoch,Not available,VI,6,False,0.0032022125750106323,2562.5400000000373,0.0,0.0
2015,VII,703308.0,12432660.207843132,30.426740882697164,Observed GHSL epoch,VIIRS annual aggregate,VII,7,True,0.0,0.0,0.0,0.0
2016,VII,707526.35,12487325.142745093,26.15302411703853,Linear interpolation between GHSL epochs,VIIRS annual aggregate,VII,7,True,0.00599787006546193,4218.349999999977,54664.934901960194,-4.273716765658634
2017,VII,711786.65,12541990.077647053,29.291086159108847,Linear interpolation between GHSL epochs,VIIRS annual aggregate,VII,7,True,0.006021401181736996,4260.300000000047,54664.934901960194,3.1380620420703167
2018,VII,715623.23,12596655.012549015,29.43874018384302,Linear interpolation between GHSL epochs,VIIRS annual aggregate,VII,7,True,0.005390070184654316,3836.579999999958,54664.93490196206,0.1476540247341731
2019,VII,719422.11,12651319.947450975,33.745686372325444,Linear interpolation between GHSL epochs,VIIRS annual aggregate,VII,7,True,0.005308491732444187,3798.8800000000047,54664.934901960194,4.306946188482424
2020,VII,722752.8,12705984.882352935,30.87117771291976,Observed GHSL epoch,VIIRS annual aggregate,VII,7,True,0.004629674225608671,3330.6900000000605,54664.934901960194,-2.8745086594056843
2021,VII,725924.0,12722775.072941171,32.90035574197145,Linear interpolation between GHSL epochs,VIIRS annual aggregate,VII,7,True,0.004387668923593102,3171.1999999999534,16790.190588235855,2.0291780290516925
2022,VII,728227.42,12739565.263529405,34.52572443670346,Linear interpolation between GHSL epochs,VIIRS annual aggregate,VII,7,True,0.003173086989822771,2303.420000000042,16790.190588233992,1.6253686947320105
2023,VII,731116.57,12756355.45411764,37.78191036402323,Linear interpolation between GHSL epochs,VIIRS annual aggregate,VII,7,True,0.003967373269190944,2889.149999999907,16790.190588235855,3.2561859273197697
2024,VII,733949.91,12773145.644705875,39.98878580032605,Linear interpolation between GHSL epochs,VIIRS annual aggregate,VII,7,True,0.0038753601221213074,2833.340000000084,16790.190588233992,2.2068754363028162
2025,VII,736784.0,12789935.83529411,42.3549686865354,Observed GHSL epoch,VIIRS annual aggregate,VII,7,True,0.0038614215512335903,2834.0899999999674,16790.190588235855,2.3661828862093515
2026,VII,739582.16,12801289.76549019,44.11511271393622,Linear interpolation between GHSL epochs,VIIRS annual aggregate,VII,7,True,0.0037978023409845907,2798.1600000000326,11353.930196078494,1.7601440274008198
2027,VII,742221.14,12812643.695686268,,Linear interpolation between GHSL epochs,Not available,VII,7,False,0.0035682039707394253,2638.9799999999814,11353.930196078494,0.0
2028,VII,744845.14,12823997.625882346,,Linear interpolation between GHSL epochs,Not available,VII,7,False,0.003535334496131526,2624.0,11353.930196078494,0.0
2029,VII,747365.71,12835351.556078425,,Linear interpolation between GHSL epochs,Not available,VII,7,False,0.0033840188579332686,2520.569999999949,11353.930196078494,0.0
2030,VII,749844.89,12846705.486274503,,Observed GHSL epoch,Not available,VII,7,False,0.003317224709172173,2479.180000000051,11353.930196078494,0.0
2015,VIII,776333.71,9684465.47843137,34.34625916224814,Observed GHSL epoch,VIIRS annual aggregate,VIII,8,True,0.0,0.0,0.0,0.0
2016,VIII,780910.53,9697042.591372546,31.428748799213587,Linear interpolation between GHSL epochs,VIIRS annual aggregate,VIII,8,True,0.005895428655288137,4576.820000000065,12577.1129411757,-2.917510363034552
2017,VIII,785480.03,9709619.704313723,34.23499934415039,Linear interpolation between GHSL epochs,VIIRS annual aggregate,VIII,8,True,0.005851502604274028,4569.5,12577.112941177562,2.806250544936802
2018,VIII,789579.71,9722196.8172549,34.453505615628586,Linear interpolation between GHSL epochs,VIIRS annual aggregate,VIII,8,True,0.005219330655675591,4099.679999999935,12577.1129411757,0.2185062714781978
2019,VIII,793579.5,9734773.930196077,40.494645722087895,Linear interpolation between GHSL epochs,VIIRS annual aggregate,VIII,8,True,0.005065720343801594,3999.7900000000373,12577.112941177562,6.041140106459309
2020,VIII,797103.63,9747351.043137252,36.506076293629015,Observed GHSL epoch,VIIRS annual aggregate,VIII,8,True,0.004440802717308179,3524.1300000000047,12577.1129411757,-3.988569428458881
2021,VIII,800456.0,9747351.043137252,38.9112509660844,Linear interpolation between GHSL epochs,VIIRS annual aggregate,VIII,8,True,0.0042056890394539526,3352.3699999999953,0.0,2.405174672455388
2022,VIII,802863.0,9747351.043137252,39.78392303182975,Linear interpolation between GHSL epochs,VIIRS annual aggregate,VIII,8,True,0.00300703598948604,2407.0,0.0,0.8726720657453484
2023,VIII,805897.35,9747351.043137252,41.85725188471033,Linear interpolation between GHSL epochs,VIIRS annual aggregate,VIII,8,True,0.0037794119295571083,3034.3499999999767,0.0,2.0733288528805787
2024,VIII,808876.11,9747351.043137252,45.95240769984473,Linear interpolation between GHSL epochs,VIIRS annual aggregate,VIII,8,True,0.003696202748402211,2978.7600000000093,0.0,4.095155815134397
2025,VIII,811812.13,9747351.043137252,50.1000225612869,Observed GHSL epoch,VIIRS annual aggregate,VIII,8,True,0.0036297523980526325,2936.0200000000186,0.0,4.147614861442172
2026,VIII,814702.69,9747410.059607841,52.62089978230377,Linear interpolation between GHSL epochs,VIIRS annual aggregate,VIII,8,True,0.003560626767180608,2890.5599999999395,59.01647058874369,2.5208772210168746
2027,VIII,817431.8,9747469.07607843,,Linear interpolation between GHSL epochs,Not available,VIII,8,False,0.0033498232342894507,2729.1100000001024,59.01647058874369,0.0
2028,VIII,820170.96,9747528.092549019,,Linear interpolation between GHSL epochs,Not available,VIII,8,False,0.003350933986174587,2739.159999999916,59.01647058874369,0.0
2029,VIII,822790.72,9747587.109019607,,Linear interpolation between GHSL epochs,Not available,VIII,8,False,0.003194163324192756,2619.7600000000093,59.01647058874369,0.0
2030,VIII,825373.96,9747646.125490196,,Observed GHSL epoch,Not available,VIII,8,False,0.003139607602769212,2583.2399999999907,59.01647058874369,0.0
2015,IX,732320.87,9781861.607843142,33.96047778577745,Observed GHSL epoch,VIIRS annual aggregate,IX,9,True,0.0,0.0,0.0,0.0
2016,IX,736537.06,9790157.970196083,32.05718698267128,Linear interpolation between GHSL epochs,VIIRS annual aggregate,IX,9,True,0.0057572987097855854,4216.1900000000605,8296.362352941185,-1.9032908031061666
2017,IX,740845.06,9798454.332549024,36.56626755142456,Linear interpolation between GHSL epochs,VIIRS annual aggregate,IX,9,True,0.005848992853122681,4308.0,8296.362352941185,4.5090805687532765
2018,IX,744632.83,9806750.694901966,37.03373682378358,Linear interpolation between GHSL epochs,VIIRS annual aggregate,IX,9,True,0.005112769463563538,3787.769999999902,8296.362352941185,0.46746927235901836
2019,IX,748317.34,9815047.057254907,41.05427959318619,Linear interpolation between GHSL epochs,VIIRS annual aggregate,IX,9,True,0.004948089651110266,3684.5100000000093,8296.362352941185,4.02054276940261
2020,IX,751572.83,9823343.419607848,37.16075549714751,Observed GHSL epoch,VIIRS annual aggregate,IX,9,True,0.0043504136894649825,3255.4899999999907,8296.362352941185,-3.893524096038675
2021,IX,754670.0,9823644.115294123,40.32862661287523,Linear interpolation between GHSL epochs,VIIRS annual aggregate,IX,9,True,0.004120917995399154,3097.170000000042,300.69568627513945,3.1678711157277206
2022,IX,756888.14,9823944.810980396,41.14475656840283,Linear interpolation between GHSL epochs,VIIRS annual aggregate,IX,9,True,0.0029392184663494803,2218.140000000014,300.6956862732768,0.8161299555276003
2023,IX,759687.71,9824245.506666671,47.28943192900324,Linear interpolation between GHSL epochs,VIIRS annual aggregate,IX,9,True,0.0036987896256373,2799.569999999949,300.69568627513945,6.144675360600409
2024,IX,762435.57,9824546.202352945,51.555991021204335,Linear interpolation between GHSL epochs,VIIRS annual aggregate,IX,9,True,0.0036170915546336335,2747.859999999986,300.6956862732768,4.266559092201092
2025,IX,765165.2,9824846.89803922,57.95555957155124,Observed GHSL epoch,VIIRS annual aggregate,IX,9,True,0.0035801451393460137,2729.6300000000047,300.69568627513945,6.399568550346906
2026,IX,767823.5,9825115.142745102,61.33471251382395,Linear interpolation between GHSL epochs,VIIRS annual aggregate,IX,9,True,0.0034741517256666743,2658.3000000000466,268.24470588192344,3.379152942272711
2027,IX,770350.11,9825383.387450984,,Linear interpolation between GHSL epochs,Not available,IX,9,False,0.0032906130119747523,2526.609999999986,268.24470588192344,0.0
2028,IX,772880.74,9825651.632156868,,Linear interpolation between GHSL epochs,Not available,IX,9,False,0.0032850387987872764,2530.6300000000047,268.2447058837861,0.0
2029,IX,775288.48,9825919.87686275,,Linear interpolation between GHSL epochs,Not available,IX,9,False,0.003115280114238672,2407.7399999999907,268.24470588192344,0.0
2030,IX,777654.21,9826188.121568631,,Observed GHSL epoch,Not available,IX,9,False,0.003051419002124245,2365.7299999999814,268.24470588192344,0.0
2015,X,852970.87,9786656.101960786,38.77800057682007,Observed GHSL epoch,VIIRS annual aggregate,X,10,True,0.0,0.0,0.0,0.0
2016,X,858008.92,9792783.137254903,35.438702641490565,Linear interpolation between GHSL epochs,VIIRS annual aggregate,X,10,True,0.005906473687665281,5038.050000000047,6127.035294117406,-3.3392979353295047
2017,X,863147.19,9798910.17254902,38.08659023813921,Linear interpolation between GHSL epochs,VIIRS annual aggregate,X,10,True,0.005988597414581465,5138.269999999902,6127.035294117406,2.647887596648644
2018,X,867670.71,9805037.207843138,37.60975624684276,Linear interpolation between GHSL epochs,VIIRS annual aggregate,X,10,True,0.005240728409253048,4523.520000000019,6127.035294117406,-0.4768339912964521
2019,X,872059.25,9811164.243137255,42.30296317210781,Linear interpolation between GHSL epochs,VIIRS annual aggregate,X,10,True,0.0050578404334982174,4388.540000000037,6127.035294117406,4.693206925265052
2020,X,875915.67,9817291.278431373,38.55200381647813,Observed GHSL epoch,VIIRS annual aggregate,X,10,True,0.004422199523713699,3856.420000000042,6127.035294117406,-3.750959355629682
2021,X,879595.0,9818617.078431373,42.98065060193271,Linear interpolation between GHSL epochs,VIIRS annual aggregate,X,10,True,0.0042005527769584106,3679.329999999958,1325.800000000745,4.428646785454582
2022,X,882225.23,9819942.878431374,44.64927792714936,Linear interpolation between GHSL epochs,VIIRS annual aggregate,X,10,True,0.002990273932889531,2630.2299999999814,1325.800000000745,1.6686273252166544
2023,X,885543.29,9821268.678431375,48.868858446089,Linear interpolation between GHSL epochs,VIIRS annual aggregate,X,10,True,0.003761012366422678,3318.060000000056,1325.800000000745,4.219580518939637
2024,X,888802.38,9822594.478431376,51.104240112752606,Linear interpolation between GHSL epochs,VIIRS annual aggregate,X,10,True,0.0036803282649231495,3259.0899999999674,1325.800000000745,2.2353816666636064
2025,X,892037.86,9823920.278431376,54.34128971404788,Observed GHSL epoch,VIIRS annual aggregate,X,10,True,0.003640269280106967,3235.4799999999814,1325.800000000745,3.2370496012952756
2026,X,895182.09,9824083.278431376,55.69165066105779,Linear interpolation between GHSL epochs,VIIRS annual aggregate,X,10,True,0.003524771919434011,3144.2299999999814,163.0,1.3503609470099107
2027,X,898170.45,9824246.278431376,,Linear interpolation between GHSL epochs,Not available,X,10,False,0.0033382705411364455,2988.359999999986,163.0,0.0
2028,X,901173.25,9824409.278431376,,Linear interpolation between GHSL epochs,Not available,X,10,False,0.003343240695571792,3002.8000000000466,163.0,0.0
2029,X,904027.46,9824572.278431376,,Linear interpolation between GHSL epochs,Not available,X,10,False,0.0031672156269617613,2854.2099999999627,163.0,0.0
2030,X,906829.46,9824735.278431376,,Observed GHSL epoch,Not available,X,10,False,0.003099463372495448,2802.0,163.0,0.0
2015,XI,363771.61,8389488.12549019,37.670545021805,Observed GHSL epoch,VIIRS annual aggregate,XI,11,True,0.0,0.0,0.0,0.0
2016,XI,365928.25,8402519.647843132,34.3702171701048,Linear interpolation between GHSL epochs,VIIRS annual aggregate,XI,11,True,0.005928555007357561,2156.640000000014,13031.522352941334,-3.300327851700196
2017,XI,368088.18,8415551.170196073,36.59527694581081,Linear interpolation between GHSL epochs,VIIRS annual aggregate,XI,11,True,0.005902605223838231,2159.929999999993,13031.522352941334,2.2250597757060078
2018,XI,370025.69,8428582.692549013,37.892171078730016,Linear interpolation between GHSL epochs,VIIRS annual aggregate,XI,11,True,0.005263711537816906,1937.5100000000093,13031.522352939472,1.2968941329192063
2019,XI,371911.87,8441614.214901954,41.27500990582735,Linear interpolation between GHSL epochs,VIIRS annual aggregate,XI,11,True,0.005097429856829594,1886.179999999993,13031.522352941334,3.3828388270973377
2020,XI,373561.79,8454645.737254895,36.01038454455421,Observed GHSL epoch,VIIRS annual aggregate,XI,11,True,0.004436319819531409,1649.9199999999837,13031.522352941334,-5.26462536127314
2021,XI,375142.0,8463458.030588228,39.63869925331293,Linear interpolation between GHSL epochs,VIIRS annual aggregate,XI,11,True,0.004230116790049809,1580.210000000021,8812.293333332986,3.6283147087587153
2022,XI,376287.76,8472270.323921561,49.84833225571948,Linear interpolation between GHSL epochs,VIIRS annual aggregate,XI,11,True,0.0030542034749507785,1145.7600000000093,8812.293333332986,10.209633002406548
2023,XI,377728.44,8481082.617254896,53.92781738938911,Linear interpolation between GHSL epochs,VIIRS annual aggregate,XI,11,True,0.0038286655935870773,1440.679999999993,8812.293333334848,4.079485133669635
2024,XI,379138.54,8489894.91058823,50.32013845793655,Linear interpolation between GHSL epochs,VIIRS annual aggregate,XI,11,True,0.003733105190596664,1410.0999999999767,8812.293333332986,-3.6076789314525612
2025,XI,380541.94,8498707.203921562,51.24695570663894,Observed GHSL epoch,VIIRS annual aggregate,XI,11,True,0.003701549307015828,1403.4000000000233,8812.293333332986,0.9268172487023918
2026,XI,381915.68,8500326.307450974,55.24208659745536,Linear interpolation between GHSL epochs,VIIRS annual aggregate,XI,11,True,0.0036099568946328375,1373.7399999999907,1619.1035294122994,3.9951308908164194
2027,XI,383212.29,8501945.410980387,,Linear interpolation between GHSL epochs,Not available,XI,11,False,0.0033950164078102585,1296.609999999986,1619.1035294122994,0.0
2028,XI,384506.66,8503564.514509797,,Linear interpolation between GHSL epochs,Not available,XI,11,False,0.003377683946409915,1294.3699999999953,1619.1035294104367,0.0
2029,XI,385750.65,8505183.61803921,,Linear interpolation between GHSL epochs,Not available,XI,11,False,0.003235288564312544,1243.990000000049,1619.1035294122994,0.0
2030,XI,386974.21,8506802.721568622,,Observed GHSL epoch,Not available,XI,11,False,0.003171893553516991,1223.5599999999977,1619.1035294122994,0.0
2015,XII,257940.5,5474782.674509805,35.902690791401085,Observed GHSL epoch,VIIRS annual aggregate,XII,12,True,0.0,0.0,0.0,0.0
2016,XII,259458.88,5489115.84627451,33.523508788144355,Linear interpolation between GHSL epochs,VIIRS annual aggregate,XII,12,True,0.005886551355835934,1518.3800000000047,14333.17176470533,-2.37918200325673
2017,XII,260991.49,5503449.018039215,37.81366266225862,Linear interpolation between GHSL epochs,VIIRS annual aggregate,XII,12,True,0.0059069475671829075,1532.609999999986,14333.17176470533,4.290153874114267
2018,XII,262347.59,5517782.189803921,38.812201484429714,Linear interpolation between GHSL epochs,VIIRS annual aggregate,XII,12,True,0.005195954856612506,1356.100000000035,14333.17176470533,0.998538822171092
2019,XII,263670.8,5532115.361568626,42.6130910618395,Linear interpolation between GHSL epochs,VIIRS annual aggregate,XII,12,True,0.005043728436765704,1323.2099999999627,14333.17176470533,3.8008895774097837
2020,XII,264842.45,5546448.533333331,35.879209719370806,Observed GHSL epoch,VIIRS annual aggregate,XII,12,True,0.004443609227870571,1171.6500000000233,14333.17176470533,-6.733881342468692
2021,XII,265955.0,5557158.957647057,41.21475033650404,Linear interpolation between GHSL epochs,VIIRS annual aggregate,XII,12,True,0.004200799380914999,1112.5499999999884,10710.424313725904,5.335540617133233
2022,XII,266767.88,5567869.381960782,45.31427712096365,Linear interpolation between GHSL epochs,VIIRS annual aggregate,XII,12,True,0.003056456919403594,812.8800000000047,10710.424313724972,4.099526784459613
2023,XII,267784.27,5578579.806274508,47.42260766678326,Linear interpolation between GHSL epochs,VIIRS annual aggregate,XII,12,True,0.0038100164082723875,1016.390000000014,10710.424313725904,2.108330545819605
2024,XII,268778.47,5589290.230588233,46.5244731735313,Linear interpolation between GHSL epochs,VIIRS annual aggregate,XII,12,True,0.0037126900695099163,994.1999999999534,10710.424313724972,-0.898134493251959
2025,XII,269778.82,5600000.654901959,50.12774086902585,Observed GHSL epoch,VIIRS annual aggregate,XII,12,True,0.0037218382856336607,1000.3500000000349,10710.424313725904,3.6032676954945515
2026,XII,270760.14,5605617.33098039,53.69243341126766,Linear interpolation between GHSL epochs,VIIRS annual aggregate,XII,12,True,0.0036374983032396724,981.320000000007,5616.676078431308,3.564692542241808
2027,XII,271684.99,5611234.007058822,,Linear interpolation between GHSL epochs,Not available,XII,12,False,0.00341575388460047,924.8499999999767,5616.676078431308,0.0
2028,XII,272611.01,5616850.683137253,,Linear interpolation between GHSL epochs,Not available,XII,12,False,0.0034084326852212854,926.0200000000186,5616.676078431308,0.0
2029,XII,273504.76,5622467.359215684,,Linear interpolation between GHSL epochs,Not available,XII,12,False,0.00327848093882932,893.75,5616.676078431308,0.0
2030,XII,274378.1,5628084.035294116,,Observed GHSL epoch,Not available,XII,12,False,0.0031931436951955217,873.3399999999674,5616.676078431308,0.0
2015,XIII,646806.53,11078734.737254906,27.041341187475226,Observed GHSL epoch,VIIRS annual aggregate,XIII,13,True,0.0,0.0,0.0,0.0
2016,XIII,650568.53,11101849.506666671,26.6698016027163,Linear interpolation between GHSL epochs,VIIRS annual aggregate,XIII,13,True,0.005816267810407005,3762.0,23114.76941176504,-0.37153958475892424
2017,XIII,654368.97,11124964.276078437,28.790905372356377,Linear interpolation between GHSL epochs,VIIRS annual aggregate,XIII,13,True,0.005841721240343434,3800.439999999944,23114.76941176504,2.121103769640076
2018,XIII,657741.21,11148079.045490203,28.66232405347084,Linear interpolation between GHSL epochs,VIIRS annual aggregate,XIII,13,True,0.005153422846440936,3372.2399999999907,23114.7694117669,-0.12858131888553714
2019,XIII,661019.5,11171193.814901968,30.405219074413587,Linear interpolation between GHSL epochs,VIIRS annual aggregate,XIII,13,True,0.004984163908477113,3278.2900000000373,23114.76941176504,1.742895020942747
2020,XIII,663938.79,11194308.584313734,27.973472385080665,Observed GHSL epoch,VIIRS annual aggregate,XIII,13,True,0.004416344752310675,2919.2900000000373,23114.76941176504,-2.431746689332922
2021,XIII,666700.0,11214299.9309804,30.42110371501947,Linear interpolation between GHSL epochs,VIIRS annual aggregate,XIII,13,True,0.0041588321718633026,2761.2099999999627,19991.346666665748,2.4476313299388046
2022,XIII,668721.09,11234291.277647065,32.48709551287013,Linear interpolation between GHSL epochs,VIIRS annual aggregate,XIII,13,True,0.003031483425828707,2021.0899999999674,19991.346666665748,2.065991797850657
2023,XIII,671252.36,11254282.624313733,36.27038018858803,Linear interpolation between GHSL epochs,VIIRS annual aggregate,XIII,13,True,0.0037852402710971678,2531.2700000000186,19991.34666666761,3.7832846757179013
2024,XIII,673724.16,11274273.970980398,37.31347342356224,Linear interpolation between GHSL epochs,VIIRS annual aggregate,XIII,13,True,0.0036823706660786826,2471.8000000000466,19991.346666665748,1.043093234974215
2025,XIII,676216.66,11294265.317647064,42.09184498257586,Observed GHSL epoch,VIIRS annual aggregate,XIII,13,True,0.003699585302091579,2492.5,19991.346666665748,4.778371559013614
2026,XIII,678659.61,11302806.517647063,44.66976229679879,Linear interpolation between GHSL epochs,VIIRS annual aggregate,XIII,13,True,0.003612673488405216,2442.9499999999534,8541.199999999255,2.5779173142229297
2027,XIII,680965.44,11311347.717647064,,Linear interpolation between GHSL epochs,Not available,XIII,13,False,0.003397623736588695,2305.829999999958,8541.200000001118,0.0
2028,XIII,683273.7,11319888.917647064,,Linear interpolation between GHSL epochs,Not available,XIII,13,False,0.0033896874414067746,2308.2600000000093,8541.199999999255,0.0
2029,XIII,685479.14,11328430.117647065,,Linear interpolation between GHSL epochs,Not available,XIII,13,False,0.0032277548513868215,2205.4400000000605,8541.200000001118,0.0
2030,XIII,687635.89,11336971.317647064,,Observed GHSL epoch,Not available,XIII,13,False,0.0031463393619826086,2156.75,8541.199999999255,0.0
2015,XIV,438730.1,9353344.76078431,30.941411616286164,Observed GHSL epoch,VIIRS annual aggregate,XIV,14,True,0.0,0.0,0.0,0.0
2016,XIV,441400.87,9371705.171764702,26.175130212531123,Linear interpolation between GHSL epochs,VIIRS annual aggregate,XIV,14,True,0.0060875011766916565,2670.7700000000186,18360.410980392247,-4.766281403755041
2017,XIV,444093.54,9390065.582745094,29.1202768897042,Linear interpolation between GHSL epochs,VIIRS annual aggregate,XIV,14,True,0.006100282493779474,2692.6699999999837,18360.410980392247,2.945146677173078
2018,XIV,446496.52,9408425.993725484,28.933443527587706,Linear interpolation between GHSL epochs,VIIRS annual aggregate,XIV,14,True,0.005410977155848817,2402.9800000000396,18360.410980390385,-0.18683336211649504
2019,XIV,448838.73,9426786.404705876,30.43874415259005,Linear interpolation between GHSL epochs,VIIRS annual aggregate,XIV,14,True,0.005245751971370227,2342.2099999999627,18360.410980392247,1.505300625002345
2020,XIV,450918.78,9445146.815686269,28.27245312137182,Observed GHSL epoch,VIIRS annual aggregate,XIV,14,True,0.004634292588788114,2080.0500000000466,18360.410980392247,-2.166291031218229
2021,XIV,452892.0,9490413.001568621,31.54379464920895,Linear interpolation between GHSL epochs,VIIRS annual aggregate,XIV,14,True,0.004375998710898665,1973.219999999972,45266.18588235229,3.27134152783713
2022,XIV,454337.64,9535679.187450975,33.00506368255916,Linear interpolation between GHSL epochs,VIIRS annual aggregate,XIV,14,True,0.0031920192893670762,1445.640000000014,45266.185882354155,1.4612690333502094
2023,XIV,456155.45,9580945.373333327,36.58365658506322,Linear interpolation between GHSL epochs,VIIRS annual aggregate,XIV,14,True,0.004001011230326368,1817.8099999999977,45266.18588235229,3.578592902504056
2024,XIV,457936.2,9626211.559215682,36.14944431237841,Linear interpolation between GHSL epochs,VIIRS annual aggregate,XIV,14,True,0.0039038226990382174,1780.75,45266.185882354155,-0.43421227268481033
2025,XIV,459731.82,9671477.745098034,38.69405348064504,Observed GHSL epoch,VIIRS annual aggregate,XIV,14,True,0.00392111390189287,1795.6199999999953,45266.18588235229,2.544609168266632
2026,XIV,461512.4,9693778.968627447,39.26529342939119,Linear interpolation between GHSL epochs,VIIRS annual aggregate,XIV,14,True,0.0038730840949838807,1780.5800000000163,22301.223529413342,0.5712399487461539
2027,XIV,463195.55,9716080.192156859,,Linear interpolation between GHSL epochs,Not available,XIV,14,False,0.0036470309356801955,1683.149999999965,22301.22352941148,0.0
2028,XIV,464881.86,9738381.415686272,,Linear interpolation between GHSL epochs,Not available,XIV,14,False,0.0036406006059428453,1686.3099999999977,22301.223529413342,0.0
2029,XIV,466495.11,9760682.639215684,,Linear interpolation between GHSL epochs,Not available,XIV,14,False,0.003470236502667534,1613.25,22301.22352941148,0.0
2030,XIV,468084.38,9782983.862745097,,Observed GHSL epoch,Not available,XIV,14,False,0.003406830995505983,1589.2700000000186,22301.223529413342,0.0
2015,XV,166866.61,8459441.239215687,27.517048268303213,Observed GHSL epoch,VIIRS annual aggregate,XV,15,True,0.0,0.0,0.0,0.0
2016,XV,167846.95,8510538.312156864,25.57301495400007,Linear interpolation between GHSL epochs,VIIRS annual aggregate,XV,15,True,0.005874992007088853,980.3400000000256,51097.07294117659,-1.9440333143031445
2017,XV,168836.4,8561635.38509804,26.37702756846105,Linear interpolation between GHSL epochs,VIIRS annual aggregate,XV,15,True,0.005894953706337747,989.4499999999825,51097.07294117659,0.80401261446098
2018,XV,169725.17,8612732.458039217,27.485846925231225,Linear interpolation between GHSL epochs,VIIRS annual aggregate,XV,15,True,0.005264089971120045,888.7700000000186,51097.07294117659,1.1088193567701765
2019,XV,170593.64,8663829.530980393,27.23486924203545,Linear interpolation between GHSL epochs,VIIRS annual aggregate,XV,15,True,0.005116919311378476,868.4700000000012,51097.07294117659,-0.2509776831957744
2020,XV,171366.81,8714926.60392157,24.477548653664016,Observed GHSL epoch,VIIRS annual aggregate,XV,15,True,0.004532232268447789,773.1699999999837,51097.07294117659,-2.757320588371435
2021,XV,172094.0,8766958.81647059,25.881542214864247,Linear interpolation between GHSL epochs,VIIRS annual aggregate,XV,15,True,0.004243470482995004,727.1900000000023,52032.212549019605,1.403993561200231
2022,XV,172636.53,8818991.02901961,28.254004024617984,Linear interpolation between GHSL epochs,VIIRS annual aggregate,XV,15,True,0.0031525212965006766,542.5299999999988,52032.212549019605,2.3724618097537373
2023,XV,173317.08,8871023.241568629,33.17684407773201,Linear interpolation between GHSL epochs,VIIRS annual aggregate,XV,15,True,0.003942097306983472,680.5499999999884,52032.212549019605,4.922840053114022
2024,XV,173979.68,8923055.454117648,36.040273884745325,Linear interpolation between GHSL epochs,VIIRS annual aggregate,XV,15,True,0.003823050792224336,662.6000000000058,52032.212549019605,2.8634298070133184
2025,XV,174655.58,8975087.666666668,39.56843005580368,Observed GHSL epoch,VIIRS annual aggregate,XV,15,True,0.0038849364477506754,675.8999999999942,52032.212549019605,3.528156171058356
2026,XV,175326.87,8985304.36392157,39.18458097494459,Linear interpolation between GHSL epochs,VIIRS annual aggregate,XV,15,True,0.00384350731880434,671.2900000000081,10216.697254901752,-0.3838490808590933
2027,XV,175956.86,8995521.061176473,,Linear interpolation between GHSL epochs,Not available,XV,15,False,0.0035932313170250474,629.9899999999907,10216.697254903615,0.0
2028,XV,176585.66,9005737.758431375,,Linear interpolation between GHSL epochs,Not available,XV,15,False,0.0035736032116053806,628.8000000000175,10216.697254901752,0.0
2029,XV,177191.12,9015954.455686279,,Linear interpolation between GHSL epochs,Not available,XV,15,False,0.0034287042334013584,605.4599999999919,10216.697254903615,0.0
2030,XV,177784.84,9026171.15294118,,Observed GHSL epoch,Not available,XV,15,False,0.0033507322488848246,593.7200000000012,10216.697254901752,0.0
